,train_AUC,valid_AUC,test_maj_AUC,test_min_AUC
0,0.5061828031072098,0.5035517990356522,0.4,0.0
