,train_AUC,valid_AUC,test_maj_AUC,test_min_AUC
0,0.5064302284733365,0.49896876680154645,0.9,0.0
1,0.5195510007072397,0.48498598752939265,0.0,0.0
